{
  "benchmarks": [
    {
      "extra_info": {},
      "fullname": "benchmarks/test_operations.py::test_connection_creation",
      "group": null,
      "name": "test_connection_creation",
      "options": {
        "disable_gc": false,
        "max_time": 1.0,
        "min_rounds": 5,
        "min_time": 5e-06,
        "timer": "perf_counter",
        "warmup": false
      },
      "param": null,
      "params": null,
      "stats": {
        "hd15iqr": 9.31320246309042e-05,
        "iqr": 1.4892168110236526e-05,
        "iqr_outliers": 307,
        "iterations": 1,
        "ld15iqr": 3.3531105145812035e-05,
        "max": 0.009125361917540431,
        "mean": 9.152030021775352e-05,
        "median": 6.131199188530445e-05,
        "min": 3.09960450977087e-05,
        "ops": 10926.537583691355,
        "outliers": "62;307",
        "q1": 5.584026803262532e-05,
        "q3": 7.073243614286184e-05,
        "rounds": 2195,
        "stddev": 0.00023668617810629054,
        "stddev_outliers": 62,
        "total": 0.200887058977969
      }
    },
    {
      "extra_info": {},
      "fullname": "benchmarks/test_operations.py::test_root_access",
      "group": null,
      "name": "test_root_access",
      "options": {
        "disable_gc": false,
        "max_time": 1.0,
        "min_rounds": 5,
        "min_time": 5e-06,
        "timer": "perf_counter",
        "warmup": false
      },
      "param": null,
      "params": null,
      "stats": {
        "hd15iqr": 3.3440301194787025e-07,
        "iqr": 5.229958333075044e-08,
        "iqr_outliers": 15619,
        "iterations": 20,
        "ld15iqr": 1.2519885785877705e-07,
        "max": 0.0021257678454276174,
        "mean": 3.513257443758003e-07,
        "median": 2.2894819267094136e-07,
        "min": 1.0810326784849167e-07,
        "ops": 2846361.292926876,
        "outliers": "371;15619",
        "q1": 2.0360457710921765e-07,
        "q3": 2.559041604399681e-07,
        "rounds": 169608,
        "stddev": 7.071255070563504e-06,
        "stddev_outliers": 371,
        "total": 0.059587656852090734
      }
    },
    {
      "extra_info": {},
      "fullname": "benchmarks/test_operations.py::test_simple_commit",
      "group": null,
      "name": "test_simple_commit",
      "options": {
        "disable_gc": false,
        "max_time": 1.0,
        "min_rounds": 5,
        "min_time": 5e-06,
        "timer": "perf_counter",
        "warmup": false
      },
      "param": null,
      "params": null,
      "stats": {
        "hd15iqr": 0.000136686023324728,
        "iqr": 2.1515064872801304e-05,
        "iqr_outliers": 82,
        "iterations": 1,
        "ld15iqr": 5.049805622547865e-05,
        "max": 0.002783462987281382,
        "mean": 0.00010962478118017315,
        "median": 9.270699229091406e-05,
        "min": 5.049805622547865e-05,
        "ops": 9122.025049760017,
        "outliers": "28;82",
        "q1": 8.271145634353161e-05,
        "q3": 0.00010422652121633291,
        "rounds": 640,
        "stddev": 0.00011842284135868343,
        "stddev_outliers": 28,
        "total": 0.07015985995531082
      }
    },
    {
      "extra_info": {},
      "fullname": "benchmarks/test_operations.py::test_bulk_insert_100",
      "group": null,
      "name": "test_bulk_insert_100",
      "options": {
        "disable_gc": false,
        "max_time": 1.0,
        "min_rounds": 5,
        "min_time": 5e-06,
        "timer": "perf_counter",
        "warmup": false
      },
      "param": null,
      "params": null,
      "stats": {
        "hd15iqr": 0.0016758390702307224,
        "iqr": 0.00030029105255380273,
        "iqr_outliers": 106,
        "iterations": 1,
        "ld15iqr": 0.000513702048920095,
        "max": 0.02099844499025494,
        "mean": 0.0013066267837056815,
        "median": 0.0010269160848110914,
        "min": 0.000513702048920095,
        "ops": 765.329482351443,
        "outliers": "31;106",
        "q1": 0.0009231739677488804,
        "q3": 0.0012234650203026831,
        "rounds": 855,
        "stddev": 0.00134448557453731,
        "stddev_outliers": 31,
        "total": 1.1171659000683576
      }
    },
    {
      "extra_info": {},
      "fullname": "benchmarks/test_operations.py::test_bulk_insert_1000",
      "group": null,
      "name": "test_bulk_insert_1000",
      "options": {
        "disable_gc": false,
        "max_time": 1.0,
        "min_rounds": 5,
        "min_time": 5e-06,
        "timer": "perf_counter",
        "warmup": false
      },
      "param": null,
      "params": null,
      "stats": {
        "hd15iqr": 0.016281453892588615,
        "iqr": 0.0028130250284448266,
        "iqr_outliers": 12,
        "iterations": 1,
        "ld15iqr": 0.0061889279168099165,
        "max": 0.04963958403095603,
        "mean": 0.012348586970907745,
        "median": 0.009820229490287602,
        "min": 0.0061889279168099165,
        "ops": 80.98092537679962,
        "outliers": "8;12",
        "q1": 0.009098793030716479,
        "q3": 0.011911818059161305,
        "rounds": 86,
        "stddev": 0.007524099261810121,
        "stddev_outliers": 8,
        "total": 1.061978479498066
      }
    },
    {
      "extra_info": {},
      "fullname": "benchmarks/test_operations.py::test_persistent_object_creation",
      "group": null,
      "name": "test_persistent_object_creation",
      "options": {
        "disable_gc": false,
        "max_time": 1.0,
        "min_rounds": 5,
        "min_time": 5e-06,
        "timer": "perf_counter",
        "warmup": false
      },
      "param": null,
      "params": null,
      "stats": {
        "hd15iqr": 0.016013029031455517,
        "iqr": 0.002256044070236385,
        "iqr_outliers": 7,
        "iterations": 1,
        "ld15iqr": 0.007189681055024266,
        "max": 0.04027669399511069,
        "mean": 0.012248142934615978,
        "median": 0.010763540456537157,
        "min": 0.007189681055024266,
        "ops": 81.64503021709335,
        "outliers": "7;7",
        "q1": 0.010204458027146757,
        "q3": 0.012460502097383142,
        "rounds": 66,
        "stddev": 0.004994706886456392,
        "stddev_outliers": 7,
        "total": 0.8083774336846545
      }
    }
  ],
  "commit_info": {
    "author_time": "2025-10-20T20:13:58+02:00",
    "branch": "main",
    "dirty": true,
    "id": "9ef30c2dbfa092aeb49b8765eb34ad9ad2b239a5",
    "project": "durus",
    "time": "2025-10-20T11:13:58-07:00"
  },
  "datetime": "2026-02-08T07:36:46.204572+00:00",
  "machine_info": {
    "cpu": {
      "arch": "X86_64",
      "arch_string_raw": "x86_64",
      "bits": 64,
      "brand_raw": "Intel(R) Core(TM) i5-1038NG7 CPU @ 2.00GHz",
      "count": 8,
      "cpuinfo_version": [
        9,
        0,
        0
      ],
      "cpuinfo_version_string": "9.0.0",
      "family": 6,